R1,A1,A2,A3,A4,A5,A6,A7,A8,A9,B1,B2,B3,B4,B5,B6,B7,B8,B9,C1,C2,C3,C4,C5,C6,C7,C8,C9,D1,D2,D3,D4,D5,D6,D7,D8,D9
0,0.782562,0.791245,,0.873612,0.859034,0.861054,0.884312,0.856722,,1,1,,1,1,1,1,1,,1,1,,1,1,1,1,1,,1,1,,1,1,1,1,1,
15,0.772532,0.698328,,0.856286,0.851842,0.85349,0.878077,,,1,0.990574,,1,0.9974,0.995775,0.997696,,,1,0.990574,,1,0.9974,0.995775,0.997696,,,1,1,,1,1,1,1,,
30,0.760578,0.797802,0.879884,0.876273,0.863342,0.875746,0.872105,0.841198,,0.99723,0.993888,1,1,0.997902,0.996548,0.996874,0.997174,,0.99723,0.993888,1,1,0.997902,0.996548,0.996874,0.997174,,1,1,1,1,1,1,1,1,
45,0.775414,0.703268,0.880846,0.866489,0.850239,0.867992,0.835136,0.832842,,0.989272,0.987086,0.997879,1,0.99585,0.995081,0.995201,0.995004,,0.989272,0.987086,0.997879,1,0.99585,0.995081,0.995201,0.995004,,1,1,1,1,1,1,1,1,
60,0.751728,0.722761,0.875148,0.824556,0.824897,0.786605,0.869242,0.86134,,0.994057,0.992718,0.99855,1,0.994664,0.994902,0.997044,0.997563,,0.994057,0.992718,0.99855,1,0.994664,0.994902,0.997044,0.997563,,1,1,1,1,1,1,1,1,
75,0.722876,0.591545,0.806866,0.845603,0.833737,0.823925,0.853777,0.82838,,0.987779,0.988266,0.992834,1,0.994961,0.994946,0.995058,0.996056,,0.987779,0.988266,0.992834,1,0.994961,0.994946,0.995058,0.996056,,1,1,1,1,1,1,1,1,
90,0.691147,0.631883,0.850177,0.830536,0.849735,0.843787,0.817054,0.845251,,1,0.985238,0.994665,1,0.996146,0.996293,0.994758,0.99646,,1,0.985238,0.994665,1,0.996146,0.996293,0.994758,0.99646,,1,1,1,1,1,1,1,1,
105,0.710406,0.640976,0.841435,0.847414,0.817225,0.829917,0.832605,0.882764,,0.996386,0.995919,0.993623,1,0.994418,0.994496,0.993079,0.994701,,0.996386,0.995919,0.993623,1,0.994418,0.994496,0.993079,0.994701,,1,1,1,1,1,1,1,1,
120,0.696173,0.640752,0.883036,0.812065,0.810111,0.808455,0.789912,0.828242,,0.984458,0.981393,0.995108,1,0.993287,0.993271,0.99139,0.994855,,0.984458,0.981393,0.995108,1,0.993287,0.993271,0.99139,0.994855,,1,1,1,1,1,1,1,1,
135,0.683075,0.604895,0.850821,0.812397,0.80125,0.775826,0.793157,0.811967,,0.982145,0.973236,0.993244,1,0.991923,0.994122,0.989778,0.994655,,0.982145,0.973236,0.993244,1,0.991923,0.994122,0.989778,0.994655,,1,1,1,1,1,1,1,1,
150,0.664509,0.564392,0.809578,0.829547,0.809054,0.825189,0.791743,0.826266,,0.983803,0.970913,0.993131,1,0.993559,0.997048,0.992161,0.992444,,0.983803,0.970913,0.993131,1,0.993559,0.997048,0.992161,0.992444,,1,1,1,1,1,1,1,1,
165,0.565829,0.522966,0.785157,0.814864,0.82697,0.781048,0.755214,0.842144,,0.97206,0.967469,0.990578,1,0.991841,0.992379,0.989713,1,,0.97206,0.967469,0.990578,1,0.991841,0.992379,0.989713,1,,1,1,1,1,1,1,1,1,
180,0.624681,0.543738,0.780386,0.80829,0.791985,0.780116,0.759999,0.746316,,0.976916,0.97037,0.990965,1,0.989719,0.989292,0.991408,0.989222,,0.976916,0.97037,0.990965,1,0.989719,0.989292,0.991408,0.989222,,1,1,1,1,1,1,1,1,
195,0.610468,0.555966,,0.74172,0.749215,0.728861,0.729305,0.715916,,0.987446,0.975903,,1,0.988684,0.99111,0.990442,0.990079,,0.987446,0.975903,,1,0.988684,0.99111,0.990442,0.990079,,1,1,,1,1,1,1,1,
210,0.528396,0.528214,,0.767038,0.749607,0.733796,0.732368,0.794082,,0.965929,0.966358,,1,0.98584,0.987099,0.979492,0.984637,,0.965929,0.966358,,1,0.98584,0.987099,0.979492,0.984637,,1,1,,1,1,1,1,1,
225,0.585484,0.563952,,0.744933,0.713462,0.68466,0.765199,0.721704,,0.968676,0.970233,,1,0.986621,0.987172,0.992703,0.993114,,0.968676,0.970233,,1,0.986621,0.987172,0.992703,0.993114,,1,1,,1,1,1,1,1,
240,0.514874,0.537314,0.729619,0.752274,0.700883,0.726411,0.724575,0.708184,,0.979868,0.977342,0.986611,1,0.983821,0.982617,0.988786,0.990345,,0.979868,0.977342,0.986611,1,0.983821,0.982617,0.988786,0.990345,,1,1,1,1,1,1,1,1,
255,0.511276,0.483111,0.734124,0.750718,0.725608,0.730151,0.689192,0.644649,,1,0.923877,0.990139,1,0.986827,0.986715,0.982494,0.989372,,1,0.923877,0.990139,1,0.986827,0.986715,0.982494,0.989372,,1,1,1,1,1,1,1,1,
270,0.556382,0.541353,0.778032,0.778365,0.724609,0.728188,0.714322,0.765627,,0.976128,0.974328,0.992783,1,0.986865,0.987239,0.984631,0.987388,,0.976128,0.974328,0.992783,1,0.986865,0.987239,0.984631,0.987388,,1,1,1,1,1,1,1,1,
285,0.440246,0.45353,0.703037,0.733443,0.684283,0.678009,0.734043,0.716775,,0.958987,0.956138,0.98507,1,0.982053,0.984437,0.985035,0.990015,,0.958987,0.956138,0.98507,1,0.982053,0.984437,0.985035,0.990015,,1,1,1,1,1,1,1,1,
300,0.448475,0.488458,0.730212,0.748176,0.792743,0.806554,0.665587,0.730297,,0.959828,0.957601,0.986018,1,0.9936,0.992913,0.980842,0.985922,,0.959828,0.957601,0.986018,1,0.9936,0.992913,0.980842,0.985922,,1,1,1,1,1,1,1,1,
315,0.424326,0.420921,0.704684,0.711157,0.702651,0.733353,0.710889,0.622871,,0.958822,0.955487,0.972418,1,0.981965,0.982888,0.983264,0.988655,,0.958822,0.955487,0.972418,1,0.981965,0.982888,0.983264,0.988655,,1,1,1,1,1,1,1,1,
330,0.442527,0.475401,0.721336,0.710715,0.720352,0.707784,0.688878,0.707068,,0.95777,0.949879,0.974071,1,0.981714,0.983215,0.979969,0.986182,,0.95777,0.949879,0.974071,1,0.981714,0.983215,0.979969,0.986182,,1,1,1,1,1,1,1,1,
R2,A1,A2,A3,A4,A5,A6,A7,A8,A9,B1,B2,B3,B4,B5,B6,B7,B8,B9,C1,C2,C3,C4,C5,C6,C7,C8,C9,D1,D2,D3,D4,D5,D6,D7,D8,D9
0,1,,,,,,,,,1,,,,,,,,,1,,,,,,,,,1,,,,,,,,
15,1,,,1,,,1,,,1,,,1,,,1,,,1,,,1,,,1,,,1,,,1,,,1,,
30,1,,,1,,,1,,,1,,,1,,,1,,,1,,,1,,,1,,,1,,,1,,,1,,
45,1,,,1,,,1,,,1,,,1,,,1,,,1,,,1,,,1,,,1,,,1,,,1,,
60,1,,,1,,,1,,,1,,,1,,,1,,,1,,,1,,,1,,,1,,,1,,,1,,
75,1,1,,1,,,1,,,1,1,,1,,,1,,,1,1,,1,,,1,,,1,1,,1,,,1,,
90,1,1,,1,,,1,,,1,1,,1,,,1,,,1,1,,1,,,1,,,1,1,,1,,,1,,
105,1,1,,1,,,1,,,1,1,,1,,,1,,,1,1,,1,,,1,,,1,1,,1,,,1,,
120,1,1,,1,,,1,,,1,1,,1,,,1,,,1,1,,1,,,1,,,1,1,,1,,,1,,
135,1,1,,1,,,1,,,1,1,,1,,,1,,,1,1,,1,,,1,,,1,1,,1,,,1,,
150,1,1,,1,,,1,,,1,1,,1,,,1,,,1,1,,1,,,1,,,1,1,,1,,,1,,
165,1,1,,1,,,1,,,1,1,,1,,,1,,,1,1,,1,,,1,,,1,1,,1,,,1,,
180,,1,,1,,,1,,,,1,,1,,,1,,,,1,,1,,,1,,,,1,,1,,,1,,
195,,1,,1,,,1,,,,1,,1,,,1,,,,1,,1,,,1,,,,1,,1,,,1,,
210,,1,,1,,,1,,,,1,,1,,,1,,,,1,,1,,,1,,,,1,,1,,,1,,
225,,1,,1,,,1,,,,1,,1,,,1,,,,1,,1,,,1,,,,1,,1,,,1,,
240,,1,,1,,,1,,,,1,,1,,,1,,,,1,,1,,,1,,,,1,,1,,,1,,
255,,1,,1,,,1,,,,1,,1,,,1,,,,1,,1,,,1,,,,1,,1,,,1,,
270,,1,,1,,,1,,,,1,,1,,,1,,,,1,,1,,,1,,,,1,,1,,,1,,
285,,1,,1,,,1,,,,1,,1,,,1,,,,1,,1,,,1,,,,1,,1,,,1,,
300,,1,,1,,,1,,,,1,,1,,,1,,,,1,,1,,,1,,,,1,,1,,,1,,
315,,1,,1,,,1,,,,1,,1,,,1,,,,1,,1,,,1,,,,1,,1,,,1,,
330,,1,,1,,,1,,,,1,,1,,,1,,,,1,,1,,,1,,,,1,,1,,,1,,
R3,A1,A2,A3,A4,A5,A6,A7,A8,A9,B1,B2,B3,B4,B5,B6,B7,B8,B9,C1,C2,C3,C4,C5,C6,C7,C8,C9,D1,D2,D3,D4,D5,D6,D7,D8,D9
0,0.709694,0.737048,0.73692,0.709694,0.737048,0.73692,0.709694,0.737048,0.73692,0.994834,0.994618,0.994255,0.994834,0.994618,0.994255,0.994834,0.994618,0.994255,0.994834,0.994618,0.994255,0.994834,0.994618,0.994255,0.994834,0.994618,0.994255,1,1,1,1,1,1,1,1,1
15,0.7996696,0.823643,0.7690322,0.8007833,0.8198371,0.8016317,0.828504,0.81077,0.837539,1,1,1,1,1,1,1,1,1,1,1,1,1,1,1,1,1,1,1,1,1,1,1,1,1,1,1
30,0.8813688,0.8197033,0.8171592,0.866214,0.843504,0.8353681,0.881896,0.889222,0.859291,1,1,1,1,1,1,1,1,1,1,1,1,1,1,1,1,1,1,1,1,1,1,1,1,1,1,1
45,0.8296024,0.829559,0.8049868,0.850203,0.8559704,0.8838816,0.884441,0.912992,0.87805,1,1,1,1,1,1,1,1,1,1,1,1,1,1,1,1,1,1,1,1,1,1,1,1,1,1,1
60,0.8550879,0.8727974,0.8540042,0.8639749,0.875477,0.8619104,0.892683,0.89907,0.863803,1,1,1,1,1,1,1,1,1,1,1,1,1,1,1,1,1,1,1,1,1,1,1,1,1,1,1
75,0.8403703,0.8338507,0.8437082,0.8569253,0.8898266,0.8604011,0.884731,0.886882,0.897028,1,1,1,1,1,1,1,1,1,1,1,1,1,1,1,1,1,1,1,1,1,1,1,1,1,1,1
90,0.9070147,0.8736637,0.8757843,0.8749038,0.8900122,0.8521059,0.859549,0.894992,0.905529,1,1,1,1,1,1,1,1,1,1,1,1,1,1,1,1,1,1,1,1,1,1,1,1,1,1,1
105,0.8596418,0.8501373,0.8735087,0.8724847,0.8458629,0.8757965,0.874794,0.898291,0.879149,1,1,1,1,1,1,1,1,1,1,1,1,1,1,1,1,1,1,1,1,1,1,1,1,1,1,1
120,0.8611987,0.852762,0.932909,0.8930948,0.8873973,0.8386312,0.927651,0.789678,0.888695,1,1,1,1,1,1,1,1,1,1,1,1,1,1,1,1,1,1,1,1,1,1,1,1,1,1,1
135,0.8709709,0.8612031,0.9173614,0.8694071,0.8557956,0.8615805,0.816942,0.88848,0.900772,1,1,1,1,1,1,1,1,1,1,1,1,1,1,1,1,1,1,1,1,1,1,1,1,1,1,1
150,0.836961,0.8332575,0.8561818,0.872459,0.8674691,0.8750194,0.890451,0.897361,0.894843,1,1,1,1,1,1,1,1,1,1,1,1,1,1,1,1,1,1,1,1,1,1,1,1,1,1,1
165,0.908969,0.8484769,0.8462736,0.8495841,0.8960292,0.8803896,0.912587,0.905274,0.895693,1,1,1,1,1,1,1,1,1,1,1,1,1,1,1,1,1,1,1,1,1,1,1,1,1,1,1
180,0.8814086,0.8599466,0.8651397,0.9135537,0.9007545,0.8981853,0.88722,0.94499,0.830663,1,1,1,1,1,1,1,1,1,1,1,1,1,1,1,1,1,1,1,1,1,1,1,1,1,1,1
195,0.8864975,0.8702447,0.8720576,0.8969125,0.888837,0.8972507,0.905423,0.933509,0.904959,1,1,1,1,1,1,1,1,1,1,1,1,1,1,1,1,1,1,1,1,1,1,1,1,1,1,1
210,0.8686019,0.9220361,0.8674539,0.8952801,0.9110893,0.9186347,0.923487,0.900075,0.880768,1,1,1,1,1,1,1,1,1,1,1,1,1,1,1,1,1,1,1,1,1,1,1,1,1,1,1
225,0.8794129,0.896179,0.8792535,0.8724277,0.9137314,0.9087359,0.868709,0.911302,0.909793,1,1,1,1,1,1,1,1,1,1,1,1,1,1,1,1,1,1,1,1,1,1,1,1,1,1,1
240,0.885595,0.869225,0.8361421,0.8950126,0.9208565,0.8865651,0.88023,0.922785,0.913801,1,1,1,1,1,1,1,1,1,1,1,1,1,1,1,1,1,1,1,1,1,1,1,1,1,1,1
255,0.8419863,0.8722746,0.8529981,0.8923808,0.9142489,0.898665,0.874951,0.940344,0.914553,1,1,1,1,1,1,1,1,1,1,1,1,1,1,1,1,1,1,1,1,1,1,1,1,1,1,1
270,0.8647069,0.8810581,0.8462647,0.901064,0.910244,0.9117056,0.888992,0.904688,0.908378,1,1,1,1,1,1,1,1,1,1,1,1,1,1,1,1,1,1,1,1,1,1,1,1,1,1,1
285,0.8964573,0.8792378,0.8412912,0.9021162,0.8876589,0.8943633,0.897579,0.916189,0.916871,1,1,1,1,1,1,1,1,1,1,1,1,1,1,1,1,1,1,1,1,1,1,1,1,1,1,1
300,0.8524168,0.860147,0.8771,0.9100657,0.9075544,0.9108971,0.917647,0.90671,0.913404,1,1,1,1,1,1,1,1,1,1,1,1,1,1,1,1,1,1,1,1,1,1,1,1,1,1,1
315,0.8642166,0.8617249,0.873559,0.8853769,0.909414,0.9066048,0.914105,0.91713,0.900605,1,1,1,1,1,1,1,1,1,1,1,1,1,1,1,1,1,1,1,1,1,1,1,1,1,1,1
330,0.896126,0.8831867,0.8716978,0.9153158,0.9088707,0.926602,0.910613,0.917816,0.905039,1,1,1,1,1,1,1,1,1,1,1,1,1,1,1,1,1,1,1,1,1,1,1,1,1,1,1
R4,A1,A2,A3,A4,A5,A6,A7,A8,A9,B1,B2,B3,B4,B5,B6,B7,B8,B9,C1,C2,C3,C4,C5,C6,C7,C8,C9,D1,D2,D3,D4,D5,D6,D7,D8,D9
0,0.709694,0.737048,0.73692,0.709694,0.737048,0.73692,0.709694,0.737048,0.73692,0.994834,0.994618,0.994255,0.994834,0.994618,0.994255,0.994834,0.994618,0.994255,0.994834,0.994618,0.994255,0.994834,0.994618,0.994255,0.994834,0.994618,0.994255,1,1,1,1,1,1,1,1,1
15,0.659768,0.685611,0.642395,0.666772,0.661387,0.64475,0.666407,0.675159,0.690218,0.960938,0.972616,0.969472,0.959191,0.957858,0.964808,0.967209,0.966543,0.968536,0.968925,0.980089,0.976998,0.968189,0.967574,0.972612,0.977158,0.975849,0.977485,1,1,1,1,1,1,1,1,1
30,0.688717,0.662834,0.650899,0.623115,0.591722,0.587115,0.685227,0.59347,0.584998,0.953662,0.952618,0.948497,0.938765,0.921421,0.921668,0.944649,0.933198,0.927948,0.96363,0.963536,0.958358,0.953006,0.937147,0.935622,0.956912,0.94857,0.943779,1,1,1,1,1,1,1,1,1
45,0.585466,0.567961,0.613701,0.615514,0.591386,0.539231,0.497688,0.586241,0.509643,0.918949,0.917204,0.914947,0.897543,0.901605,0.903645,0.9036,0.907397,0.89814,0.93329,0.931245,0.929195,0.91175,0.915758,0.918783,0.921023,0.924543,0.916497,1,1,1,1,1,1,1,1,1
60,0.51855,0.524201,0.563036,0.458844,0.492713,0.485496,0.60863,0.546141,0.509147,0.868401,0.869249,0.878671,0.8453,0.8552,0.849895,0.891021,0.88434,0.875981,0.885437,0.886635,0.894684,0.864782,0.877283,0.868126,0.912584,0.90529,0.899891,1,1,1,1,1,1,1,1,1
75,0.487285,0.488717,0.491537,0.47054,0.434381,0.414202,0.401254,0.405078,0.421211,0.843207,0.839396,0.846354,0.835148,0.820323,0.819887,0.809632,0.801868,0.804117,0.862167,0.856218,0.862165,0.854103,0.837314,0.838132,0.830554,0.825131,0.831166,1,1,1,1,1,1,1,1,1
90,0.462218,0.476326,0.459502,0.419961,0.4507,0.436733,0.38569,0.397711,0.399419,0.769412,0.778803,0.780337,0.795287,0.799892,0.803298,0.782555,0.779578,0.784479,0.790776,0.798704,0.80108,0.812364,0.815378,0.822638,0.806822,0.802639,0.806567,1,1,1,1,1,1,1,1,1
105,0.361439,0.377143,0.370833,0.409147,0.387092,0.40571,0.3505,0.3478,0.350526,0.736689,0.749975,0.753582,0.761722,0.763266,0.769704,0.754652,0.737104,0.75583,0.755614,0.768605,0.77408,0.777523,0.782754,0.784411,0.777133,0.759219,0.779255,1,1,1,1,1,1,1,1,1
120,0.395186,0.391157,0.371464,0.369838,0.350885,0.39568,0.3496,0.32671,0.352764,0.746954,0.721132,0.72837,0.729738,0.734776,0.732259,0.704604,0.719971,0.727527,0.762239,0.736351,0.746037,0.746616,0.752803,0.747005,0.72268,0.737719,0.748274,1,1,1,1,1,1,1,1,1
135,0.354467,0.362847,0.355386,0.355547,0.338553,0.366651,0.277652,0.293389,0.283672,0.701258,0.702408,0.690033,0.70419,0.705479,0.702638,0.646297,0.666365,0.650734,0.71452,0.713369,0.705707,0.721274,0.722691,0.717345,0.667689,0.685154,0.668644,1,1,1,1,1,1,1,1,1
150,0.197497,0.211423,0.202857,0.161854,0.200073,0.185291,0.152377,0.147929,0.157067,0.539973,0.539985,0.540474,0.51595,0.531377,0.531784,0.512207,0.504587,0.51387,0.553166,0.553446,0.554349,0.533288,0.547163,0.531784,0.531796,0.523462,0.533969,1,1,1,1,1,1,1,1,1
165,0.176315,0.169016,0.197172,0.147766,0.14472,0.15147,0.114797,0.123765,0.144288,0.519637,0.501652,0.540047,0.484601,0.466715,0.497668,0.436943,0.441672,0.46086,0.519637,0.501652,0.540047,0.505319,0.485001,0.497668,0.45669,0.461255,0.479421,1,1,1,1,1,1,1,1,1
180,0.154426,0.158653,0.153184,0.203429,0.19037,0.17622,0.143623,0.148708,0.139255,0.470023,0.456388,0.455009,0.526482,0.495275,0.50205,0.497405,0.47145,0.484834,0.483027,0.470137,0.468569,0.544904,0.513376,0.50205,0.515376,0.488695,0.501378,1,1,1,1,1,1,1,1,1
195,0.160697,0.166195,0.168361,0.176919,0.186421,0.175971,0.181121,0.182772,0.171861,0.479744,0.458878,0.443114,0.506115,0.492929,0.484643,0.506507,0.487114,0.495631,0.492334,0.473697,0.456219,0.522239,0.51147,0.484643,0.522912,0.503109,0.512256,1,1,1,1,1,1,1,1,1
210,0.145524,0.161325,0.163114,0.181855,0.160408,0.151201,0.170237,0.153751,0.171462,0.456449,0.459244,0.448513,0.454475,0.466389,0.439435,0.473462,0.474869,0.483327,0.467719,0.472268,0.457561,0.471064,0.484159,0.451381,0.491512,0.492932,0.499157,1,1,1,1,1,1,1,1,1
225,0.170747,0.150654,0.152415,0.160651,0.149871,0.164461,0.152435,0.136508,0.130543,0.467048,0.438023,0.441755,0.435222,0.418402,0.439762,0.433193,0.425513,0.438612,0.477058,0.450832,0.454641,0.451486,0.434248,0.439762,0.448142,0.440628,0.452139,1,1,1,1,1,1,1,1,1
240,0.164643,0.148483,0.1486,0.15672,0.149886,0.161929,0.191975,0.17963,0.188976,0.430239,0.417538,0.417481,0.413617,0.420097,0.411116,0.470544,0.454831,0.490653,0.438597,0.428394,0.428867,0.428971,0.433936,0.411116,0.485274,0.46994,0.504406,1,1,1,1,1,1,1,1,1
255,0.157309,0.172441,0.165934,0.124728,0.107371,0.126392,0.175145,0.168455,0.173457,0.434265,0.441531,0.432754,0.340095,0.3344,0.332052,0.465389,0.435238,0.446215,0.440849,0.451235,0.439154,0.351686,0.3344,0.332052,0.47691,0.448252,0.461674,1,1,1,1,1,1,1,1,1
270,0.154628,0.162937,0.144079,0.1252,0.119092,0.111673,0.088668,0.100609,0.11528,0.398003,0.408238,0.400015,0.360998,0.342826,0.337777,0.287897,0.309914,0.32347,0.405683,0.420157,0.411664,0.372122,0.342826,0.337777,0.308733,0.323677,0.342922,1,1,1,1,1,1,1,1,1
285,0.204749,0.199885,0.185172,0.232511,0.242458,0.259713,0.200082,0.363018,0.218831,0.476477,0.440954,0.432874,0.487424,0.518251,0.5204,0.443369,0.548775,0.468038,0.485373,0.452085,0.442817,0.497439,0.528109,0.528767,0.456312,0.561058,0.482253,1,1,1,1,1,1,1,1,1
300,0.185301,0.221708,0.210812,0.209809,0.200642,0.204031,0.188556,0.19392,0.201988,0.436401,0.446628,0.445263,0.45275,0.45413,0.420784,0.425139,0.438687,0.440159,0.445787,0.457053,0.455152,0.464541,0.46536,0.429044,0.438289,0.452445,0.453146,1,1,1,1,1,1,1,1,1
315,0.18808,0.173522,0.180106,0.188086,0.193301,0.206557,0.195214,0.190171,0.195535,0.446464,0.401326,0.402797,0.447042,0.452721,0.485873,0.449659,0.431111,0.427741,0.454962,0.410108,0.412319,0.458403,0.464325,0.495678,0.462069,0.44539,0.438041,1,1,1,1,1,1,1,1,1
330,0.295141,0.321143,0.302107,0.25444,0.230101,0.221778,0.181008,0.194234,0.19647,0.529336,0.542245,0.532262,0.421145,0.404542,0.386448,0.444967,0.420546,0.42408,0.535997,0.549457,0.539792,0.429481,0.414744,0.393695,0.458922,0.432359,0.435685,1,1,1,1,1,1,1,1,1
R5,A1,A2,A3,A4,A5,A6,A7,A8,A9,B1,B2,B3,B4,B5,B6,B7,B8,B9,C1,C2,C3,C4,C5,C6,C7,C8,C9,D1,D2,D3,D4,D5,D6,D7,D8,D9
0,0.709694,0.737048,0.73692,0.709694,0.737048,0.73692,0.709694,0.737048,0.73692,0.994834,0.994618,0.994255,0.994834,0.994618,0.994255,0.994834,0.994618,0.994255,0.994834,0.994618,0.994255,0.994834,0.994618,0.994255,0.994834,0.994618,0.994255,1,1,1,1,1,1,1,1,1
15,,,,,,,,,,,,,,,,,,,,,,,,,,,,,,,,,,,,
30,,0.2064066,0.2082998,,,,,,,,0.8672132,0.8677172,,,,,,,,0.8798108,0.8865551,,,,,,,,1,1,,,,,,
45,0.142317,0.1820948,0.1497294,,,,,,,0.8221363,0.7709992,0.7901489,,,,,,,0.8221363,0.7852924,0.8068308,,,,,,,1,1,1,,,,,,
60,0.1590203,0.145708,0.1331134,,,,,,,0.7238632,0.7445269,0.7433899,,,,,,,0.7238632,0.7448135,0.7614908,,,,,,,1,1,1,,,,,,
75,0.08934572,0.1115647,0.05797721,,,,,,,0.689419,0.663658,0.6932274,,,,,,,0.689419,0.6865105,0.6932274,,,,,,,1,1,1,,,,,,
90,0.08635012,0.1181386,0.08454335,,,,,,,0.6148306,0.6206111,0.6257684,,,,,,,0.6148306,0.6333871,0.6257684,,,,,,,1,1,1,,,,,,
105,0.1018581,0.08092948,0.09407409,,,,,,,0.5751797,0.5577474,0.6188312,,,,,,,0.5751797,0.5763661,0.63232,,,,,,,1,1,1,,,,,,
120,0.0687226,0.08523367,0.1086499,,,,,,,0.5004826,0.5274882,0.5654082,,,,,,,0.5004826,0.5274882,0.5654082,,,,,,,1,1,1,,,,,,
135,0.07711591,0.0759915,0.06333452,,,,,,,0.4684902,0.454172,0.4771058,,,,,,,0.4684902,0.454172,0.4781589,,,,,,,1,1,1,,,,,,
150,0.05246764,0.06632896,0.06584658,,,,,,,0.4518484,0.4227526,0.4375987,,,,,,,0.4518484,0.4227526,0.4382849,,,,,,,1,1,1,,,,,,
165,0.07301459,0.03997912,0.05713744,,,,,,,0.437134,0.4102281,0.397656,,,,,,,0.437134,0.4102281,0.397656,,,,,,,1,1,1,,,,,,
180,0.06772886,0.03887854,0.04268914,,,,,,,0.4024041,0.455841,0.3446867,,,,,,,0.4024041,0.455841,0.3446867,,,,,,,1,1,1,,,,,,
195,0.05266318,0.04018899,0.03925793,,,,,,,0.3438482,0.3652258,0.3636039,,,,,,,0.3438482,0.3652258,0.3636039,,,,,,,1,1,1,,,,,,
210,0.05304012,0.05695131,0.05253737,,,,,,,0.3353116,0.3949972,0.2979797,,,,,,,0.3353116,0.3949972,0.2979797,,,,,,,1,1,1,,,,,,
225,0.04929147,0.03484825,0.05271395,,,,,,,0.3337596,0.3274506,0.3108488,,,,,,,0.3337596,0.3274506,0.3108488,,,,,,,1,1,1,,,,,,
240,0.05496617,0.04383622,0.05843674,,,,,,,0.2962375,0.3237717,0.2789856,,,,,,,0.2962375,0.3237717,0.2789856,,,,,,,1,1,1,,,,,,
255,0.05658693,0.0387943,0.05329571,,,,,,,0.3301001,0.2744013,0.3526103,,,,,,,0.3301001,0.2744013,0.3526103,,,,,,,1,1,1,,,,,,
270,0.06533037,0.04357531,0.03780197,,,,,,,0.3469946,0.2539149,0.3220536,,,,,,,0.3469946,0.2539149,0.3220536,,,,,,,1,1,1,,,,,,
285,,0.04314016,0.03632648,,,,,,,,0.2397797,0.2758894,,,,,,,,0.2397797,0.2758894,,,,,,,,1,1,,,,,,
300,,0.03517868,0.05015652,,,,,,,,0.2352857,0.2148595,,,,,,,,0.2352857,0.2148595,,,,,,,,1,1,,,,,,
315,,0.04300531,0.03976696,,,,,,,,0.2619096,0.2415938,,,,,,,,0.2619096,0.2415938,,,,,,,,1,1,,,,,,
330,,0.04345931,0.05477863,,,,,,,,0.225288,0.2620814,,,,,,,,0.23097,0.2630549,,,,,,,,1,1,,,,,,
R6,A1,A2,A3,A4,A5,A6,A7,A8,A9,B1,B2,B3,B4,B5,B6,B7,B8,B9,C1,C2,C3,C4,C5,C6,C7,C8,C9,D1,D2,D3,D4,D5,D6,D7,D8,D9
0,0.709694,0.709694,,,,,,,,0.994834,0.994834,,,,,,,,0.994834,0.994834,,,,,,,,1,1,,,,,,,
15,0.3630451,0.2881135,,,,,,,,0.8906381,0.8354032,,,,,,,,0.8906381,0.8354032,,,,,,,,1,1,,,,,,,
30,0.2148028,0.2513662,,,,,,,,0.7085909,0.7834688,,,,,,,,0.7085909,0.7834688,,,,,,,,1,1,,,,,,,
45,,0.2028954,,,,,,,,,0.6532784,,,,,,,,,0.6532784,,,,,,,,,1,,,,,,,
60,0.2176436,0.1629346,,,,,,,,0.6680837,0.6026556,,,,,,,,0.6680837,0.6026556,,,,,,,,1,1,,,,,,,
75,0.2203483,0.2029023,,,,,,,,0.6555504,0.5784709,,,,,,,,0.6555504,0.5784709,,,,,,,,1,1,,,,,,,
90,0.1370634,0.2048402,,,,,,,,0.3872997,0.4958909,,,,,,,,0.3872997,0.4958909,,,,,,,,1,1,,,,,,,
105,0.1479288,0.2118681,,,,,,,,0.3774975,0.5624413,,,,,,,,0.3774975,0.5624413,,,,,,,,1,1,,,,,,,
120,0.1591496,0.1617021,,,,,,,,0.3897571,0.4290348,,,,,,,,0.3897571,0.4290348,,,,,,,,1,1,,,,,,,
135,0.1056562,0.1720294,,,,,,,,0.2702604,0.3929149,,,,,,,,0.2702604,0.3929149,,,,,,,,1,1,,,,,,,
150,0.1432861,0.1595498,,,,,,,,0.3007464,0.3706304,,,,,,,,0.3007464,0.3706304,,,,,,,,1,1,,,,,,,
165,0.1204423,,,,,,,,,0.2791831,,,,,,,,,0.2791831,,,,,,,,,1,,,,,,,,
180,0.1720838,0.186753,,,,,,,,0.3466175,0.3286346,,,,,,,,0.3466175,0.3286346,,,,,,,,1,1,,,,,,,
195,0.1922298,0.2254243,,,,,,,,0.3479958,0.3387359,,,,,,,,0.3479958,0.3387359,,,,,,,,1,1,,,,,,,
210,0.1995289,0.1786289,,,,,,,,0.3508373,0.3084855,,,,,,,,0.3508373,0.3084855,,,,,,,,1,1,,,,,,,
225,0.1652723,0.2002523,,,,,,,,0.3422477,0.3120097,,,,,,,,0.3422477,0.3120097,,,,,,,,1,1,,,,,,,
240,0.1603788,0.1697866,,,,,,,,0.2927784,0.3034152,,,,,,,,0.2927784,0.3034152,,,,,,,,1,1,,,,,,,
255,0.1766963,0.1206041,,,,,,,,0.3195751,0.2326032,,,,,,,,0.3195751,0.2326032,,,,,,,,1,1,,,,,,,
270,0.1630335,0.1271229,,,,,,,,0.3023054,0.2502981,,,,,,,,0.3023054,0.2502981,,,,,,,,1,1,,,,,,,
285,0.1608171,0.141708,,,,,,,,0.3103883,0.267964,,,,,,,,0.3103883,0.267964,,,,,,,,1,1,,,,,,,
300,0.1507446,0.2064632,,,,,,,,0.3007395,0.3366388,,,,,,,,0.3007395,0.3366388,,,,,,,,1,1,,,,,,,
315,0.1582814,0.1965875,,,,,,,,0.3043535,0.2859949,,,,,,,,0.3043535,0.2859949,,,,,,,,1,1,,,,,,,
330,0.1575226,0.09387523,,,,,,,,0.2687239,0.1718259,,,,,,,,0.2687239,0.1718259,,,,,,,,1,1,,,,,,,
R7,A1,A2,A3,A4,A5,A6,A7,A8,A9,B1,B2,B3,B4,B5,B6,B7,B8,B9,C1,C2,C3,C4,C5,C6,C7,C8,C9,D1,D2,D3,D4,D5,D6,D7,D8,D9
0,0.132229,0.127117,0.135906,,,,,,,0.472875,0.439451,0.464412,,,,,,,0.482908,0.451902,0.475154,,,,,,,1,1,1,,,,,,
15,0.233659,0.267649,0.247187,0.28762,0.264643,0.272215,0.284912,0.249194,,0.50131,0.516229,0.540897,0.574999,0.5296,0.546666,0.484613,0.522281,,0.50131,0.516229,0.540897,0.574999,0.5296,0.546666,0.484613,0.522281,,1,1,1,1,1,1,1,1,
30,0.348292,0.354927,0.352688,0.287906,0.274653,0.308209,0.306059,0.295543,,0.574827,0.554501,0.555807,0.527282,0.521134,0.560752,0.459792,0.45644,,0.574827,0.554501,0.555807,0.527282,0.521134,0.560752,0.459792,0.45644,,1,1,1,1,1,1,1,1,
45,0.333863,0.377519,0.346602,0.350307,0.341006,0.328668,0.275849,0.258875,,0.569256,0.594629,0.589452,0.624376,0.63078,0.59479,0.514058,0.448409,,0.569256,0.594629,0.589452,0.624376,0.63078,0.59479,0.514058,0.448409,,1,1,1,1,1,1,1,1,
60,0.334169,0.332027,0.336824,0.347191,0.366997,0.273482,0.245367,0.231874,,0.565626,0.595399,0.621098,0.629722,0.65787,0.581317,0.454103,0.421905,,0.565626,0.595399,0.621098,0.629722,0.65787,0.581317,0.454103,0.421905,,1,1,1,1,1,1,1,1,
75,0.259358,0.292309,0.301108,0.337245,0.497629,0.348775,0.265675,0.254535,,0.554321,0.5488,0.546148,0.603515,0.712472,0.673877,0.470424,0.475561,,0.554321,0.5488,0.546148,0.603515,0.712472,0.673877,0.470424,0.475561,,1,1,1,1,1,1,1,1,
90,0.317212,0.29003,0.26988,0.300706,0.26552,0.303561,0.231099,0.219127,,0.57095,0.588859,0.519573,0.56742,0.543072,0.565811,0.469316,0.426594,,0.57095,0.588859,0.519573,0.56742,0.543072,0.565811,0.469316,0.426594,,1,1,1,1,1,1,1,1,
105,0.245912,0.254435,0.24072,0.26939,0.306774,0.264668,0.243962,0.273089,,0.544352,0.558312,0.553018,0.547055,0.554767,0.549368,0.502862,0.49484,,0.544352,0.558312,0.553018,0.547055,0.554767,0.549368,0.502862,0.49484,,1,1,1,1,1,1,1,1,
120,0.245619,0.211853,0.252396,0.218502,0.237882,0.221484,0.310854,0.271735,,0.569539,0.525033,0.60298,0.494656,0.534545,0.503444,0.57237,0.489367,,0.569539,0.525033,0.60298,0.494656,0.534545,0.503444,0.57237,0.489367,,1,1,1,1,1,1,1,1,
135,0.194975,0.20904,0.191238,0.254827,0.273465,0.28071,0.25148,,,0.426645,0.438409,0.492757,0.549608,0.566342,0.562019,0.491439,,,0.426645,0.438409,0.492757,0.549608,0.566342,0.562019,0.491439,,,1,1,1,1,1,1,1,,
150,0.160131,0.178635,0.20106,0.239024,0.235029,0.262545,0.226152,,,0.422961,0.459189,0.442166,0.47563,0.486535,0.509509,0.461634,,,0.422961,0.459189,0.442166,0.47563,0.486535,0.509509,0.461634,,,1,1,1,1,1,1,1,,
165,0.206783,0.214906,0.217909,0.187655,0.201597,0.204057,0.184913,,,0.479839,0.459379,0.513007,0.482274,0.502722,0.487777,0.316854,,,0.479839,0.459379,0.513007,0.482274,0.502722,0.487777,0.316854,,,1,1,1,1,1,1,1,,
180,0.133121,0.151837,0.13074,0.199133,0.228057,,0.129069,,,0.378751,0.391596,0.388787,0.445521,0.48122,,0.356431,,,0.378751,0.391596,0.388787,0.445521,0.48122,,0.356431,,,1,1,1,1,1,,1,,
195,0.137064,0.136007,0.143488,0.155657,0.169868,0.150626,0.113926,,,0.372255,0.374948,0.342633,0.399529,0.424062,0.418689,0.293025,,,0.372255,0.374948,0.342633,0.399529,0.424062,0.418689,0.293025,,,1,1,1,1,1,1,1,,
210,0.132534,0.116845,0.117948,0.167083,0.194732,,0.106486,,,0.345017,0.305137,0.36397,0.438892,0.429306,,0.273717,,,0.345017,0.305137,0.36397,0.438892,0.429306,,0.273717,,,1,1,1,1,1,,1,,
225,0.116128,0.114554,0.105672,0.137654,0.137016,0.122998,0.083664,,,0.33098,0.306084,0.32015,0.378806,0.39149,0.358195,0.261806,,,0.33098,0.306084,0.32015,0.378806,0.39149,0.358195,0.261806,,,1,1,1,1,1,1,1,,
240,0.090252,0.092633,0.074087,0.11075,0.107188,0.1263,0.072983,0.073912,,0.333646,0.311819,0.304943,0.331249,0.342389,0.333561,0.213571,0.202452,,0.333646,0.311819,0.304943,0.331249,0.342389,0.333561,0.213571,0.202452,,1,1,1,1,1,1,1,1,
255,0.027284,0.080292,0.093835,0.103658,0.112345,0.096755,0.067057,,,0.235197,0.277872,0.281402,0.379255,0.317543,0.263428,0.203867,,,0.235197,0.277872,0.281402,0.379255,0.317543,0.263428,0.203867,,,1,1,1,1,1,1,1,,
270,0.081612,0.090465,0.086541,0.102343,0.098597,0.045826,0.066037,,,0.275946,0.289013,0.327407,0.326366,0.303256,0.332644,0.141337,,,0.275946,0.289013,0.327407,0.326366,0.303256,0.332644,0.141337,,,1,1,1,1,1,1,1,,
285,0.076243,0.079866,0.07105,,0.140671,0.090274,0.059868,0.060268,,0.2858,0.283117,0.29273,,0.423328,0.242131,0.173457,0.188823,,0.2858,0.283117,0.29273,,0.423328,0.242131,0.173457,0.188823,,1,1,1,,1,1,1,1,
300,0.077339,0.078414,0.075222,0.088047,0.077365,,0.053149,0.055811,,0.279372,0.269775,0.285322,0.308715,0.162992,,0.200822,0.164791,,0.279372,0.269775,0.285322,0.308715,0.162992,,0.200822,0.164791,,1,1,1,1,1,,1,1,
315,0.070556,0.075531,0.069838,0.071699,0.073169,,0.072487,0.05886,,0.26193,0.277782,0.268948,0.30036,0.224684,,0.2201,0.19336,,0.26193,0.277782,0.268948,0.30036,0.224684,,0.2201,0.19336,,1,1,1,1,1,,1,1,
330,0.071467,0.077071,0.073407,0.057773,0.059645,,0.059307,0.057726,,0.282742,0.298818,0.285851,0.27415,0.286655,,0.194136,0.204003,,0.282742,0.298818,0.285851,0.27415,0.286655,,0.194136,0.204003,,1,1,1,1,1,,1,1,
R8,A1,A2,A3,A4,A5,A6,A7,A8,A9,B1,B2,B3,B4,B5,B6,B7,B8,B9,C1,C2,C3,C4,C5,C6,C7,C8,C9,D1,D2,D3,D4,D5,D6,D7,D8,D9
0,0.709694,0.73692,0.73692,,,,,,,0.994834,0.994618,0.994255,,,,,,,0.994834,0.994618,0.994255,,,,,,,1,1,1,,,,,,
15,0.661124,0.554334,0.656538,,,,,,,0.971327,1,0.967929,,,,,,,0.971327,1,0.967929,,,,,,,1,1,1,,,,,,
30,0.614686,0.711442,0.568037,,,,,,,0.933683,0.954318,0.927231,,,,,,,0.933683,0.954318,0.927231,,,,,,,1,1,1,,,,,,
45,0.692588,,0.625045,,,,,,,0.883215,,1,,,,,,,0.883215,,1,,,,,,,1,,1,,,,,,
60,0.384942,,0.519132,,,,,,,0.932802,,0.935073,,,,,,,0.932802,,0.935073,,,,,,,1,,1,,,,,,
75,0.643055,0.676251,0.565229,,,,,,,0.855445,0.934517,1,,,,,,,0.855445,0.934517,1,,,,,,,1,1,1,,,,,,
90,0.628388,0.615183,0.454539,,,,,,,0.800243,0.900611,0.813807,,,,,,,0.800243,0.900611,0.813807,,,,,,,1,1,1,,,,,,
105,0.488381,0.6028,0.501645,,,,,,,0.721916,0.852002,0.881622,,,,,,,0.721916,0.852002,0.881622,,,,,,,1,1,1,,,,,,
120,0.601439,0.490171,,,,,,,,0.739375,0.908613,,,,,,,,0.739375,0.908613,,,,,,,,1,1,,,,,,,
135,0.474274,0.457129,0.488903,,,,,,,0.706775,0.916353,0.979706,,,,,,,0.706775,0.916353,0.979706,,,,,,,1,1,1,,,,,,
150,0.395753,0.376825,0.49384,,,,,,,0.837826,0.829506,0.98829,,,,,,,0.837826,0.829506,0.98829,,,,,,,1,1,1,,,,,,
165,0.516816,0.327211,0.346617,,,,,,,0.670775,0.741578,0.730846,,,,,,,0.670775,0.741578,0.730846,,,,,,,1,1,1,,,,,,
180,0.325517,0.364093,0.454021,,,,,,,0.780245,0.786142,0.976205,,,,,,,0.780245,0.786142,0.976205,,,,,,,1,1,1,,,,,,
195,0.371846,0.244088,,,,,,,,0.667183,0.651184,,,,,,,,0.667183,0.651184,,,,,,,,1,1,,,,,,,
210,0.297742,0.374302,0.235846,,,,,,,0.431152,0.786372,0.601434,,,,,,,0.431152,0.786372,0.601434,,,,,,,1,1,1,,,,,,
225,0.257173,0.339164,0.429766,,,,,,,0.632441,0.814244,0.991954,,,,,,,0.632441,0.814244,0.991954,,,,,,,1,1,1,,,,,,
240,0.438128,0.31609,0.289835,,,,,,,0.537971,0.706013,0.641909,,,,,,,0.537971,0.706013,0.641909,,,,,,,1,1,1,,,,,,
255,,0.293736,0.349236,,,,,,,,0.706956,0.841857,,,,,,,,0.706956,0.841857,,,,,,,,1,1,,,,,,
270,0.374376,0.228609,0.259739,,,,,,,0.451474,0.613219,0.600385,,,,,,,0.451474,0.613219,0.600385,,,,,,,1,1,1,,,,,,
285,,,,,,,,,,,,,,,,,,,,,,,,,,,,,,,,,,,,
300,0.299407,,,,,,,,,0.407545,,,,,,,,,0.407545,,,,,,,,,1,,,,,,,,
315,0.307055,,,,,,,,,0.395659,,,,,,,,,0.395659,,,,,,,,,1,,,,,,,,
330,0.341829,0.186537,,,,,,,,0.434896,0.542737,,,,,,,,0.434896,0.542737,,,,,,,,1,1,,,,,,,
R9,A1,A2,A3,A4,A5,A6,A7,A8,A9,B1,B2,B3,B4,B5,B6,B7,B8,B9,C1,C2,C3,C4,C5,C6,C7,C8,C9,D1,D2,D3,D4,D5,D6,D7,D8,D9
0,0.709694,0.73692,0.73692,,,,,,,0.994834,0.994618,0.994255,,,,,,,0.994834,0.994618,0.994255,,,,,,,1,1,1,,,,,,
15,,,,,,,,,,,,,,,,,,,,,,,,,,,,,,,,,,,,
30,0.651576,,,,,,,,,0.918329,,,,,,,,,0.918329,,,,,,,,,1,,,,,,,,
45,0.831792,,,,,,,,,0.966981,,,,,,,,,0.966981,,,,,,,,,1,,,,,,,,
60,0.81042,,,,,,,,,0.953865,,,,,,,,,0.953865,,,,,,,,,1,,,,,,,,
75,0.891543,,,,,,,,,0.983785,,,,,,,,,0.983785,,,,,,,,,1,,,,,,,,
90,0.861953,,,,,,,,,0.993868,,,,,,,,,0.993868,,,,,,,,,1,,,,,,,,
105,0.887032,,,,,,,,,0.995822,,,,,,,,,0.995822,,,,,,,,,1,,,,,,,,
120,0.866653,,,,,,,,,1,,,,,,,,,1,,,,,,,,,1,,,,,,,,
135,0.858242,,,,,,,,,0.989539,,,,,,,,,0.989539,,,,,,,,,1,,,,,,,,
150,0.860698,,,,,,,,,0.994971,,,,,,,,,0.994971,,,,,,,,,1,,,,,,,,
165,0.831717,,,,,,,,,0.98989,,,,,,,,,0.98989,,,,,,,,,1,,,,,,,,
180,0.802908,,,,,,,,,1,,,,,,,,,1,,,,,,,,,1,,,,,,,,
195,0.741065,,,,,,,,,0.999135,,,,,,,,,0.999135,,,,,,,,,1,,,,,,,,
210,0.763314,,,,,,,,,0.999515,,,,,,,,,0.999515,,,,,,,,,1,,,,,,,,
225,0.73178,,,,,,,,,1,,,,,,,,,1,,,,,,,,,1,,,,,,,,
240,0.705591,,,,,,,,,1,,,,,,,,,1,,,,,,,,,1,,,,,,,,
255,0.765806,,,,,,,,,1,,,,,,,,,1,,,,,,,,,1,,,,,,,,
270,0.718749,,,,,,,,,1,,,,,,,,,1,,,,,,,,,1,,,,,,,,
285,0.742155,,,,,,,,,0.998718,,,,,,,,,0.998718,,,,,,,,,1,,,,,,,,
300,0.729024,,,,,,,,,1,,,,,,,,,1,,,,,,,,,1,,,,,,,,
315,0.721264,,,,,,,,,1,,,,,,,,,1,,,,,,,,,1,,,,,,,,
330,0.708155,,,,,,,,,1,,,,,,,,,1,,,,,,,,,1,,,,,,,,
